,MKTbond,MKTbond_vw,DRF,LRF,CRF,VIX,UNC,MKT,SMB,HML,TERM,DEF
2002-07-31,0.004339167091834076,0.004053321709027075,0.004117015473818374,0.0026621343543231936,0.004406678083056062,0.2610235929267396,0.0008079710000000739,-0.0819,-0.0633,-0.0351,0.0288,-0.020900000000000002
2002-08-31,0.032356854710668466,0.040412997238523415,0.004117015473818374,0.024376476963647996,0.004406678083056062,0.019044665426143862,-0.002226392000000077,0.005,-0.0128,0.0301,0.045,-0.0011999999999999997
2002-09-30,0.00748006922910564,0.0033630013236999935,0.004117015473818374,0.0016251887083301641,0.004406678083056062,0.21599262772340816,-0.00027207099999992934,-0.10339999999999999,0.0305,0.0126,0.0403,-0.0087
2002-10-31,-0.004138846120143166,0.0030080113648851122,0.004117015473818374,0.021579195374215904,0.004406678083056062,-0.2154194893649344,-0.00040522099999995564,0.0784,-0.0429,-0.037599999999999995,-0.030799999999999998,0.0053999999999999986
2002-11-30,0.03698397959361732,0.041481073202583284,0.004117015473818374,0.035014600880197644,0.004406678083056062,-0.11689144062277702,0.009478101999999877,0.0596,0.0294,-0.0116,-0.0134,0.0252
2002-12-31,0.019097438318784733,0.02123848421455612,0.004117015473818374,0.0024343761600078085,0.004406678083056062,0.040727303244850854,0.01485164800000005,-0.0576,0.0055000000000000005,0.021099999999999997,0.049600000000000005,-0.014600000000000002
2003-01-31,0.02402814240864753,0.021539488168385724,0.004117015473818374,0.065118465136888,0.004406678083056062,0.08909850322453043,0.016582667999999967,-0.025699999999999997,0.0070999999999999995,-0.0079,-0.0116,0.0127
2003-02-28,0.015499356136878174,0.017180889784532992,0.004117015473818374,-0.001854610967209519,0.004406678083056062,-0.04940650984144634,0.009333640000000032,-0.018799999999999997,-0.0087,-0.013600000000000001,0.032,-0.006499999999999999
2003-03-31,0.012595636585553023,0.01148445976411906,0.004117015473818374,-0.008990954059388873,0.004406678083056062,-0.016199782512038415,-0.000404760000000004,0.0109,0.0077,-0.021099999999999997,-0.014499999999999999,0.0055
2003-04-30,0.03709088968550297,0.03539195078472646,0.004117015473818374,0.004221096226784184,0.004406678083056062,-0.27238424143958617,0.011066604000000035,0.0818,0.011399999999999999,0.012199999999999999,0.0092,0.0127
2003-05-31,0.026912099189420065,0.02871691281677486,0.004117015473818374,0.02590523328464564,0.004406678083056062,-0.08203676785596889,-0.015958280999999963,0.0605,0.0478,0.006999999999999999,0.058300000000000005,-0.0121
2003-06-30,0.013520891554469372,0.009139570644642516,0.004117015473818374,0.0006278098390924696,0.004406678083056062,0.0025681122841592296,-0.01081779000000005,0.014199999999999999,0.0165,0.0014000000000000002,-0.0164,0.0011000000000000003
2003-07-31,-0.02397415005320396,-0.03129921510695235,0.004117015473818374,-0.003380120625159544,0.004406678083056062,-0.0015369203863704302,0.00022632300000002825,0.0233,0.044000000000000004,-0.015300000000000001,-0.0989,0.010099999999999998
2003-08-31,0.0029814844102681055,0.007426803157077321,0.021313889512214818,-0.0072292205214367165,0.023568914915591675,-0.04412522424069055,-0.0033744610000000508,0.0233,0.023700000000000002,0.016399999999999998,0.0159,0.005299999999999999
2003-09-30,0.03272554741919563,0.033632567057944776,0.027930912526124646,0.01031974857879988,0.015113265683605008,0.21953839703874697,-0.00016858399999997165,-0.0124,0.005699999999999999,0.0014000000000000002,0.0538,-0.004300000000000005
2003-10-31,0.004256559651345791,0.0012040706877775257,0.0063656710305358384,0.0020672716740652865,0.047655930108340294,-0.2913732012304092,-0.007695244999999962,0.0608,0.0263,0.022099999999999998,-0.028999999999999998,0.008
2003-11-30,0.011217851660535239,0.009622401119212795,0.013155891858249023,0.004466541489001989,0.008512911134364967,0.013664553300738274,-0.013256813000000034,0.013500000000000002,0.0231,0.0172,-0.0034000000000000002,0.0079
2003-12-31,0.010864147210368208,0.012819297744425332,0.015673574550780264,-0.00479323347647833,0.025292573625777873,0.12193626276533064,-0.012508096999999996,0.0429,-0.025099999999999997,0.0151,0.013099999999999999,0.0
2004-01-31,0.0147677333083012,0.011985905559049216,0.0112040079663572,0.00568260789564211,0.015741247747039444,-0.09175315970383806,-0.0025030889999999584,0.0215,0.0246,0.0242,0.018000000000000002,0.0
2004-02-29,0.007307475482782133,0.006833622524223441,-0.0012923844603089938,0.008209750970555905,-0.017940859705849802,-0.12507510974136543,-0.0016312770000000976,0.013999999999999999,-0.0092,0.0095,0.0224,-0.0052
2004-03-31,0.008455088825306196,0.008645898767268389,0.003083581389438988,0.004808656813777546,-0.00597534742624391,0.150515433104794,0.0042079530000000975,-0.0132,0.021099999999999997,0.0023,0.0132,-0.0023
2004-04-30,-0.019094501562751262,-0.02377310312026853,-0.02085408689473293,-0.0015554578056750222,0.03202031137097809,0.02688176637348548,0.0010354790000000058,-0.0182,-0.0206,-0.0323,-0.0596,0.005399999999999995
2004-05-31,-0.00945552356487829,-0.008733324689936175,-0.002484585898460823,-0.007575040403472634,-0.0074348104300759185,-0.09831300067206482,0.007954693999999929,0.0118,-0.004,-0.0018,-0.0057,-0.002
2004-06-30,0.008971737680686853,0.0062935561639884275,0.00942388153258503,0.0028198518746284213,0.015519828762402548,-0.07483869983303874,0.0069224570000000485,0.018600000000000002,0.0252,0.0121,0.0113,-0.0028000000000000004
2004-07-31,0.01080690771818367,0.01031844966100699,0.0069515890235613284,-0.0015235440348104249,-0.0017784853982282548,0.06834027418468624,-0.009371455000000029,-0.0404,-0.0292,0.0322,0.014499999999999999,0.0029
2004-08-31,0.021949799555739995,0.02257474510764496,0.023196676511786807,-0.0046145606222371335,-0.005732215399286049,-0.001958207152010179,-0.008701912000000034,0.0008,-0.0118,0.0108,0.038400000000000004,0.0
2004-09-30,0.00848902994937507,0.007270520800192097,0.014784806860121865,0.006744334650723976,0.009095816136907952,-0.12753432401112838,0.004521452999999953,0.016,0.0322,-0.0005,0.008499999999999999,0.0005000000000000004
2004-10-31,0.013370781402887217,0.013869711570031149,0.0034815583651581893,0.004455761153853516,0.03336540142182076,0.2196402002744648,0.011080397000000075,0.014199999999999999,0.0015,-0.0026,0.0143,0.0010000000000000009
2004-11-30,-0.0006678569671057758,-0.0036415060451600242,0.007052356948325046,0.0025118316092261487,0.028996623917684004,-0.18623236640412297,0.011283743999999984,0.0453,0.0412,0.015700000000000002,-0.024900000000000002,0.0034000000000000002
2004-12-31,0.010596604287329985,0.011303565664516652,0.020155211145404354,0.007037269051412045,0.012752945449882522,0.0037764495165529964,0.02431265700000007,0.0341,-0.0004,-0.0023,0.0234,0.0006999999999999992
2005-01-31,0.004151833290025548,0.003864141189599944,0.013947167009568735,0.004756208149834466,-0.01673057796376688,-0.035364956236107484,0.006904935000000001,-0.0275,-0.0111,0.0206,0.028399999999999998,-0.0023
2005-02-28,0.001038425454467726,-0.00046218567434083723,0.004349769404704354,0.0033043999033556194,0.02300954181680898,-0.05772229241291304,-0.013614488000000091,0.018799999999999997,-0.003,0.0141,-0.014400000000000001,0.0016000000000000007
2005-03-31,-0.021211807061258452,-0.02212721005037291,-0.01950631153262224,0.004290323622262746,-0.01514897849717073,0.1605960717144121,-0.006639795000000004,-0.019299999999999998,-0.0141,0.0207,-0.0093,-0.005300000000000001
2005-04-30,0.004989901298805525,0.006272475197460099,-0.0013059298942399945,0.004788840734227199,-0.03880447305110367,0.092011406543047,-0.00516763599999992,-0.026000000000000002,-0.0397,0.0005,0.0352,-0.0046
2005-05-31,0.009671200381592051,0.01143811013778455,0.013991168871451892,0.0014687619025549195,0.006382938800090097,-0.13193993483994113,0.007208806999999928,0.0365,0.0276,-0.0058,0.0273,-0.00020000000000000226
2005-06-30,0.010191075476658356,0.009919950038329461,0.014373577581627843,0.0009497863247864464,0.011303447214184834,-0.09405568123310323,0.012555532000000036,0.0058,0.0326,0.027999999999999997,0.0144,-0.0026
2005-07-31,-0.0004898103335060618,-0.0020508430021301785,0.004611001542466354,-0.004930370334925785,0.030808885425174154,-0.03903656715265194,0.019530414999999968,0.0392,0.0276,-0.0078000000000000005,-0.0312,0.004399999999999998
2005-08-31,0.0036337119364121344,0.004156009825234355,0.00039335823704688224,0.006367886742674867,-0.00918147818154727,0.08902339790953219,0.023195868000000064,-0.012,-0.009399999999999999,0.0134,0.030300000000000004,-0.010000000000000002
2005-09-30,-0.012468459179541142,-0.013835641460994173,-0.017902962353712668,0.00032993142580134784,0.0011593318164067935,-0.053968276554645915,0.04314216599999998,0.0048,-0.0031,0.0078000000000000005,-0.036699999999999997,0.002799999999999997
2005-10-31,-0.014137218003731888,-0.013519778106159359,-0.012155037014949917,-0.0109146502303155,-0.001107301960641714,0.28523486550072313,0.0004820940000000995,-0.0204,-0.015,0.0043,-0.0223,-0.0008000000000000021
2005-11-30,0.003702816966613532,0.002438957017612256,0.000563143820228775,0.006348740200249402,0.005073173730118874,-0.21279369061011652,-0.017463894000000146,0.0361,0.009000000000000001,-0.0118,0.0045000000000000005,0.002300000000000001
2005-12-31,0.005699562519554174,0.005262372559632826,0.006726092744037748,0.009995042118886396,-0.0012871011277761648,0.0008291272686222507,-0.02613409499999997,-0.0024,-0.0025,0.0015,0.0235,-0.004200000000000002
2006-01-31,0.0026823180091738058,0.0015277951138876048,0.009477433691836614,0.003242944023463112,0.023632933232615446,0.07290804777884607,-0.004706075999999948,0.030299999999999997,0.0583,0.009899999999999999,-0.0153,0.0025000000000000005
2006-02-28,0.0021244215468778247,0.0008354779073120244,0.006061633460536654,0.005074441494131761,0.01147124516388548,-0.04710422128661149,-0.009443052000000063,-0.003,-0.0046,-0.0031,0.0204,-0.011000000000000001
2006-03-31,-0.005319508836349092,-0.008157740352565317,-0.005919310822379576,-0.0025491267050949747,0.027252686397893838,-0.07698539688152817,-0.017257325999999962,0.0147,0.0334,0.0060999999999999995,-0.057600000000000005,0.013500000000000005
2006-04-30,-0.0030343252340432427,-0.004208221720850632,-0.005562359403401638,-0.004606932704161354,0.017995574521671994,0.017559245235874307,-0.002618482000000033,0.0073,-0.0079,0.0226,-0.0283,0.0023
2006-05-31,-0.0005727730260296701,-0.0017499670598720963,0.003818911607058516,0.0014463462287882716,0.006975267763335381,0.4184642206744714,-0.0013119579999999464,-0.0356,-0.028999999999999998,0.023799999999999998,-0.0033,-0.003
2006-06-30,-0.008187174750353361,-0.006840227497693795,0.0008223546065208295,-0.0019070278081839461,-0.0011216604484244985,-0.2043795925304759,-0.0006251489999999915,-0.0034000000000000002,-0.0024,0.0085,0.0052,-0.0053
2006-07-31,0.009872846086469819,0.011363481235094734,0.010524349826221453,0.0009555582050919031,-0.006129209059980666,0.1429663529408608,-0.00016872100000009382,-0.0077,-0.036000000000000004,0.0262,0.0159,0.003799999999999998
2006-08-31,0.01191761492018802,0.013041477159957886,0.016685215826670236,0.004915423778725078,-0.004827510649409144,-0.17658859018929815,0.0054758730000000755,0.0203,0.0045000000000000005,-0.0195,0.0257,0.006200000000000001
2006-09-30,0.008651005408288916,0.008514903504006471,0.009719698130794697,0.003399454104730772,0.0024022059293531536,-0.026807543958692497,0.014693290999999942,0.0184,-0.0139,0.0006,0.012900000000000002,0.001299999999999999
2006-10-31,0.004576020933341664,0.0047716695333338026,0.009169503164856135,0.0035044938295312016,0.01416657127920801,-0.07345569235325133,-0.013430102000000055,0.0322,0.019799999999999998,-0.0033,0.0036,0.004999999999999999
2006-11-30,0.012621768722680376,0.012843632424818896,0.02150539990977319,0.0007768761996992484,0.012169105815339889,-0.017117164642154934,-0.012338410999999883,0.017,0.0063,0.0004,0.0165,0.0039000000000000007
2006-12-31,-0.0022339516934923036,-0.004233926238828884,-0.005770512078588882,-0.004873164950228456,0.02230775341946149,0.059578421750279095,0.0005738229999999733,0.0085,-0.008100000000000001,0.0274,-0.0276,0.00040000000000000105
2007-01-31,-0.0019181644771355936,-0.0033522691752662414,-0.003651184953383136,0.002485617157978317,0.021574840931294335,-0.09861594307455913,-0.0005325480000000216,0.0138,0.0002,-0.0068000000000000005,-0.014600000000000002,0.0051
2007-02-28,0.012474503791324445,0.013334941096898579,0.013533665699988288,0.0030267277057114085,-0.004509666561585616,0.47984644562290246,-0.00448412499999995,-0.0196,0.013300000000000001,-0.0008,0.0297,-0.004800000000000002
2007-03-31,-0.00523636906328625,-0.006208507411714532,-0.01471566042020521,-0.0008099586222152838,0.00747711511467513,-0.0505836400202253,-0.006708218000000099,0.0070999999999999995,0.0014000000000000002,-0.0088,-0.0188,-0.008599999999999998
2007-04-30,0.004459665964862618,0.003946711523276299,0.005417332136524202,0.002953637240784585,0.011990918990008634,-0.028688529128727745,-0.01127488199999993,0.0349,-0.0208,-0.0144,0.0041,0.0055
2007-05-31,-0.005745120027154775,-0.007943111528288777,-0.004224309273261855,-0.005619740178823924,0.022980288018962798,-0.08227848483285342,-0.01639174600000004,0.032400000000000005,0.0033,-0.0059,-0.0241,0.0022000000000000006
2007-06-30,-0.012584848974766666,-0.012780964075789623,-0.01159814652914422,-0.0055791505931632145,-0.00891684825000217,0.2436781076646347,0.00240151200000005,-0.0196,0.006999999999999999,-0.0105,-0.0131,-0.0057
2007-07-31,-0.0130990776594625,-0.010453380905215168,-0.013668686280755127,-0.006158301877775137,-0.04107506336656596,0.4491682761022999,0.012408878000000012,-0.037200000000000004,-0.0305,-0.0368,0.0244,-0.0316
2007-08-31,0.005921110649754229,0.006585783046991739,0.006026880052208631,-0.00012278237100008752,-0.007947028979852923,-0.005952435980964695,0.023575921999999916,0.009399999999999999,-0.0033,-0.0187,0.015700000000000002,-0.004700000000000001
2007-09-30,0.008683270787065347,0.010720881245238621,0.013523271132802814,-0.0036885356163716514,0.016508920842244045,-0.23011117852367785,0.012293472000000083,0.0322,-0.024399999999999998,-0.0217,-0.002,0.0123
2007-10-31,0.009034522585514739,0.008415172353169327,0.005443522813159375,0.0011097114187352455,-0.00590250947290039,0.029444482591416705,0.010276631999999952,0.0179,-0.0003,-0.0287,0.0123,-0.006699999999999999
2007-11-30,-0.010395771249001325,-0.0066743219880823455,-0.024896456453641733,-0.005919135023427419,-0.03602406512755333,0.2342147863877695,0.02215594300000001,-0.048,-0.0291,-0.0109,0.0434,-0.038900000000000004
2007-12-31,-0.0051553178877876485,-0.003312681060713865,-0.01606746243225451,-0.002486815479083149,-0.003679027543901441,-0.016178435752335584,0.00861150799999999,-0.0087,0.0018,-0.0051,-0.0056,0.0057
2008-01-31,0.00749575609306477,0.008319683335680197,0.005167022243294624,0.014049662522768165,-0.032858029609425334,0.16444447835286663,0.000754892000000007,-0.0632,-0.0063,0.04,0.0192,-0.0196
2008-02-29,-0.006422707145344845,-0.008445828516975213,-0.025774392593548034,0.001618192963010314,-0.006622577229488801,0.012977104682712064,0.010163724999999957,-0.030899999999999997,-0.0064,-0.0072,0.0005,-0.0089
2008-03-31,-0.007743375744182059,-0.008010374876731265,-0.0010749141725326268,-0.01069204426436226,-0.0023278726087367406,-0.03504145716255798,0.011442955000000032,-0.009399999999999999,0.0059,0.0031,0.0089,-0.0165
2008-04-30,0.01898221416031378,0.018156324185350143,0.04499042990234774,0.015712469500586367,0.046156143187366494,-0.18820771495319877,0.028298702000000064,0.0461,-0.0116,-0.0096,-0.0306,0.0379
2008-05-31,-0.0021838586807414553,-0.0052263778132216705,-0.006283577069012929,0.0032437080494118185,0.02389269847576975,-0.142376183812983,0.03954575099999991,0.0187,0.0304,-0.015,-0.0182,-0.011299999999999998
2008-06-30,-0.018369127633951706,-0.018292630993358608,-0.03508150097778846,-0.010812789737739456,-0.03263148114697984,0.3432417759630203,0.03305256100000009,-0.0843,0.0116,-0.025099999999999997,0.0203,-0.0281
2008-07-31,-0.00972449699915432,-0.009882941498806261,-0.03267781047903821,-0.01479141752000488,-0.011622297397442553,-0.04217119819239346,0.04410676999999996,-0.0075,0.0371,0.052000000000000005,-0.004,-0.0084
2008-08-31,0.0076078104510632506,0.0070315581610928355,0.0027102985873542883,-0.0075757244006797635,-0.00999991293522457,-0.09982566966933944,0.06678161199999988,0.015300000000000001,0.032799999999999996,0.0152,0.0229,-0.0121
2008-09-30,-0.07787014041235771,-0.08918142036832548,-0.1423363487558634,-0.065562352971493,0.011409590617064858,0.9075060589493544,0.08115528800000027,-0.0935,0.0038,0.056600000000000004,0.0097,-0.0975
2008-10-31,-0.07560739102451722,-0.054850378227963265,0.06761857525898288,0.03173219215622424,-0.14602032699065878,0.5204366671147335,0.07715848699999972,-0.172,-0.030600000000000002,-0.0189,-0.0391,-0.006699999999999998
2008-11-30,-0.00782967921029354,-0.0023135193077526654,-0.001835091299976735,0.009096632678663705,-0.19469501621125185,-0.07697446413980619,-0.006484971999999756,-0.0774,-0.04,-0.0621,0.14400000000000002,-0.026900000000000007
2008-12-31,0.08595776524505637,0.10399541145541609,0.11775966482972383,0.01048084974371822,0.007285549593982348,-0.27641098257439656,-0.02393452900000015,0.0177,0.0333,0.0005,0.0967,0.059300000000000005
2009-01-31,0.031865805574529844,0.017903781978399702,0.01941272004546824,0.04723299623498657,0.0919072886234493,0.12100000381469744,-0.012062970999999978,-0.0809,-0.0209,-0.11019999999999999,-0.1124,0.0175
2009-02-28,-0.02501251649456475,-0.0325915996221685,-0.05896211282962603,-0.02242553047771971,-0.014065986948607879,0.033675252372764655,-0.04862696600000005,-0.1014,-0.011699999999999999,-0.066,-0.0057,-0.0252
2009-03-31,0.016802465685374218,0.016221953406010414,0.01792224858254891,0.018024160821487518,0.06893094857604073,-0.04768067221634586,-0.051299914999999974,0.0901,0.0059,0.0348,0.0639,-0.0659
2009-04-30,0.07554560594768703,0.06742162865872049,0.09036164996709767,0.048780108184471815,0.13231192851464468,-0.17308562517651768,-0.036917235999999964,0.1017,0.07139999999999999,0.0538,-0.065,0.0619
2009-05-31,0.05482543780268146,0.05105005952693991,0.12226333983971116,0.06060276477670494,0.06270579379190704,-0.2076712307864685,-0.027337743999999997,0.052000000000000005,-0.022400000000000003,0.0040999999999999995,-0.0248,0.0737
2009-06-30,0.03632957577100343,0.02967317109967249,0.03505637185305698,0.028100677569023205,0.02423068485508429,-0.08886582600429739,-0.013104405000000097,0.0042,0.0227,-0.0276,0.0082,0.0267
2009-07-31,0.04048253710955264,0.043732467023557334,0.03020385413167017,-0.008000886798529262,0.037280728382562814,-0.016318796924124194,-0.01770354499999993,0.0774,0.0231,0.0489,0.0018,0.0546
2009-08-31,0.031962715759771804,0.02382308625500046,0.047723852872548156,0.03472038777927212,0.020620933982455736,0.0034722280988809806,-0.04190819899999998,0.0333,-0.001,0.076,0.023,0.00040000000000000105
2009-09-30,0.03733511836322977,0.030876668087483967,0.045619655664223976,0.014608778780077379,0.05805771588757731,-0.015378685698204577,-0.02609237100000006,0.0408,0.027200000000000002,0.0115,0.0175,0.0097
2009-10-31,0.010807327168423754,0.008412220491739342,0.005580017966300448,-0.0037616555992942124,0.009708083004286102,0.19836000791240346,-0.027171348999999845,-0.0255,-0.048499999999999995,-0.0417,-0.0171,0.0187
2009-11-30,0.0191625537489054,0.017657849419701808,0.010653393584086054,0.011701103139294948,0.022974646938122283,-0.2013685303888369,-0.013038692000000074,0.0558,-0.0276,-0.0033,0.0208,-0.016399999999999998
2009-12-31,0.007202642558523306,0.00519914830027909,0.02482326242265305,-0.004272023685851734,0.05329402552229899,-0.1154630721043904,-0.009016117000000046,0.0274,0.061399999999999996,-0.0011,-0.0585,0.0309
2010-01-31,0.019336952171574884,0.015132279397467063,0.008543647659952566,0.012133132054493224,0.02310887454131386,0.13560887881333264,0.0010118740000000237,-0.0335,0.004,0.0033,0.0264,-0.016800000000000002
2010-02-28,0.00488359605763603,0.004581746290278547,0.003764036299991723,0.00454917774398823,0.0007274046095897876,-0.20796103430973,-0.00545686600000006,0.0339,0.0149,0.0318,0.0032,0.0006999999999999997
2010-03-31,0.013206241111370557,0.011116923167703394,0.022730859973972273,0.005903131668727967,0.031943506900257615,-0.09794871012369737,-0.008271434999999938,0.063,0.0183,0.0219,-0.018,0.0224
2010-04-30,0.019825887609458408,0.017667185873998684,0.010998045392260304,0.0005230869442359766,0.013318898874260836,0.253553100954148,-0.022876428000000004,0.02,0.0496,0.0296,0.0303,0.005300000000000003
2010-05-31,-0.006939347451206146,-0.008184689761862837,-0.016089405534446023,0.0025235564065145995,-0.03715365872889052,0.45442180519093156,-0.010257273000000011,-0.079,0.0008,-0.0248,0.0436,-0.0488
2010-06-30,0.014811791385116157,0.017392141267229502,0.006135425934902127,0.0013753005756029044,-0.01613610743973206,0.07701905968841463,-0.03331750999999994,-0.0557,-0.0242,-0.0473,0.0445,0.007300000000000001
2010-07-31,0.02195737031888423,0.022579354865948066,0.013201975209919153,0.004334831993571748,0.019187260699209563,-0.3196294332049169,-0.018481226000000017,0.0692,0.0004,-0.005,0.0023,0.014600000000000002
2010-08-31,0.015842581397433636,0.014571329137224876,0.004959398080315662,0.010591272888743935,-0.023901182587309493,0.10851060583236173,-0.017238162000000057,-0.04769999999999999,-0.030600000000000002,-0.0173,0.0701,-0.022899999999999997
2010-09-30,0.012573612301857834,0.012737133051645004,0.009996498658114016,-0.0034878588558655984,0.03277307821052549,-0.09021107650466775,-0.008187264000000027,0.0955,0.0365,-0.0302,-0.015399999999999999,0.0008999999999999998
2010-10-31,0.0074246172477419135,0.0065011933092149815,-0.00013469658177352357,-0.00474916326789242,0.03298299841624249,-0.10548522867177859,-0.0013023209999999397,0.0387,0.0073,-0.0246,-0.0318,0.0114
2010-11-30,-0.0064918195955358145,-0.00834734087555148,-0.004009306099505763,0.0036633605370372407,-0.004330636405009773,0.11037736171587513,-0.003212161999999963,0.0059,0.0354,-0.009000000000000001,-0.0138,0.008
2010-12-31,-0.005093418098124511,-0.0032027769633192517,0.01571667381974077,0.0023615353156927477,0.030280011761495536,-0.24596434538403686,0.020658066999999947,0.0682,0.0097,0.0356,-0.038900000000000004,0.0352
2011-01-31,0.012543698681703902,0.01038914260673743,0.0026608161933140747,0.010044015106476638,0.02697568801629331,0.10028172882509863,-0.0020752450000000033,0.019799999999999998,-0.0231,0.0060999999999999995,-0.0197,-0.00020000000000000226
2011-02-28,0.006979891975573123,0.006494237102231502,0.007046634827149555,0.007832279651497336,0.01038520323782187,-0.0604198803732084,0.0067592749999999535,0.0348,0.0165,0.0118,0.0112,0.004399999999999999
2011-03-31,0.002178614834322674,0.00047247055757316213,-0.0025688713292039652,-0.0002437752668971089,0.004065117297701509,-0.03324253938258749,-0.0010226119999998673,0.0046,0.0256,-0.0184,-0.0007,-0.0066
2011-04-30,0.0155844548603853,0.016942807148921983,0.01143661429132874,0.0039006508535459846,0.0016522995852775307,-0.16854564879905473,-0.007427464000000161,0.028999999999999998,-0.0053,-0.024399999999999998,0.0199,0.004
2011-05-31,0.012865538970913172,0.011946272729935502,0.005897627652142232,0.006216820279934521,-0.006181153439576057,0.047457614187464366,-0.003193330999999855,-0.0127,-0.0072,-0.018500000000000003,0.0355,-0.009799999999999996
2011-06-30,-0.005023031112327915,-0.005608543443529299,-0.008645715386369024,-0.004604961766024498,-0.0032505718036400363,0.0692557062594225,-0.00028768300000003855,-0.0174,0.0006,-0.002,-0.0179,-0.003100000000000002
2011-07-31,0.015285405449225761,0.016757764589262186,0.00548971977534219,0.0023412959004351884,-0.009041572220603736,0.5284503208432767,0.007600583999999966,-0.0235,-0.0111,-0.0091,0.0422,0.0051
2011-08-31,-0.0026978183843790076,-0.0026380478348085553,-0.00848802967957427,0.003998553852025269,-0.051430304170614186,0.25227726095973857,0.006505737999999983,-0.0596,-0.030899999999999997,-0.024300000000000002,0.0861,-0.0622
2011-09-30,-0.005918426005028632,-0.00881237423036993,-0.010919316429518808,0.0038229739394985114,-0.029740165728408666,0.3586337110772271,-0.011169138999999939,-0.0757,-0.0349,-0.015300000000000001,0.0704,-0.012900000000000002
2011-10-31,0.02367715187761436,0.028630265759930072,0.031682351820288626,-0.0012215303591760346,0.0424354486409834,-0.3026070827990002,-0.009366674999999991,0.1134,0.0325,0.0006,-0.0306,0.04
2011-11-30,-0.011269732323348245,-0.01811803564023353,-0.030229774597113308,0.00333074936653926,0.0005059424326482286,-0.07209612528098028,-0.012632523000000062,-0.0027,-0.003,-0.0052,0.0251,-0.060700000000000004
2011-12-31,0.019292595301104467,0.024048008357921764,0.025244696914756542,0.00455100498051658,-0.0001768267539426834,-0.15827337191666208,-0.0035598449999999504,0.0075,-0.0029,0.0154,0.027,0.024200000000000003
2012-01-31,0.02343759069277273,0.024104475965347434,0.028907335796229217,0.004861407796066556,0.017365855223549186,-0.16923073286449142,-0.008639811000000108,0.050499999999999996,0.0202,-0.009300000000000001,0.0002,0.019200000000000002
2012-02-29,0.013806205470557222,0.013686067694408666,0.019581354222876213,0.004022921124491947,0.0185242891676117,-0.05195474285673741,-0.013916547999999973,0.044000000000000004,-0.0167,0.0042,-0.0196,0.0253
2012-03-31,-0.0038795511449682867,-0.005624090233497744,0.00030400774675526073,-0.0013057369211837617,0.012425277110857745,-0.1589799379630477,-0.002355379999999907,0.0311,-0.0048,0.011899999999999999,-0.0302,-9.99999999999994e-05
2012-04-30,0.011853186274709715,0.01135737632024701,0.007265017424658589,-0.0017607641741668439,-0.00245518952966574,0.10645158829227731,-0.005238127000000037,-0.0084,-0.005,-0.0077,0.0409,-0.015799999999999998
2012-05-31,0.00252009987758897,0.0009475059533961818,-0.0001615889467259466,0.009900559404439175,-0.025011662598398078,0.4029154519598913,0.0024951349999999817,-0.0617,-0.0008,-0.0095,0.0642,-0.029899999999999996
2012-06-30,0.009902436833654073,0.011620620061753002,0.01378556079193171,-0.004452134544748352,0.013843605169710704,-0.29010805058897365,-2.556099999995176e-05,0.039,0.0089,0.0055000000000000005,-0.0136,0.02
2012-07-31,0.022801340755721176,0.025459653408271197,0.02382335815520076,0.01189477230914504,-0.01459205483713229,0.10831384014832456,0.005431777999999943,0.0079,-0.0281,-0.0006,0.0247,0.0365
2012-08-31,0.0026768545271022974,0.002121793655686538,0.002729967548168453,-0.004181074427212507,0.015727849418407276,-0.07712630577307014,0.005257425000000038,0.0254,0.0044,0.0123,-0.0069,-0.0024999999999999996
2012-09-30,0.011156051939464558,0.011217657239898085,0.013965972815216098,0.0031465723397738083,0.00841968732885934,-0.09959930392144314,-0.0006242300000000034,0.0273,0.005699999999999999,0.016200000000000003,-0.0147,0.002
2012-10-31,0.007906746167417667,0.008042074637754354,0.00960128967686736,-3.84864019707179e-05,-0.00384309060452265,0.18245396838869699,0.0017195379999999094,-0.0176,-0.0083,0.0352,-0.0015,0.022
2012-11-30,0.0016574856381778406,0.0004697165865124482,-0.002768763089341621,-0.002142614167622755,0.006039718670446568,-0.14677421720003692,0.009935589000000133,0.0078000000000000005,0.004,-0.0086,0.0143,-0.0236
2012-12-31,0.004985550825104481,0.0062543376847236706,0.011053949006398823,0.011225256227713937,0.029270204758416934,0.13547577742335026,0.007024461999999954,0.0118,0.0192,0.0348,-0.0203,0.013999999999999999
2013-01-31,-0.00020649400541217217,-0.004227931594008942,-0.002348220954677172,0.006688179595843625,0.03087086353923841,-0.20754720476053953,-0.003887163000000027,0.0557,0.0042,0.0101,-0.0332,0.001899999999999999
2013-02-28,0.007426404574608431,0.0066120019368498375,0.0033388751797294187,-0.00225367383905324,-0.004091338223211257,0.08613449011981733,-0.012130086999999956,0.0129,-0.0025,0.0021,0.0114,-0.002100000000000001
2013-03-31,0.005207190364472198,0.0031272629188375273,0.0010582223986994512,0.0006261434430179613,0.012503783144451403,-0.1811734608735908,-0.010433969000000043,0.0403,0.0088,-0.0022,-0.0062,0.004399999999999999
2013-04-30,0.019429945451253237,0.01935154625255526,0.01917074779076507,0.004111064087404643,0.001741098943387157,0.06456698116643904,-0.01912662799999998,0.015600000000000001,-0.022400000000000003,0.0044,0.0378,-0.0029
2013-05-31,-0.017278971436382042,-0.020066377321754737,-0.017465945567281142,0.002298298817570101,0.0285817151673253,0.2056212045244733,-0.007826367000000056,0.0281,0.0204,0.026699999999999998,-0.0629,0.009299999999999996
2013-06-30,-0.027916352029012447,-0.028261911721892765,-0.0270468910559881,-0.013402829043584391,-0.0012474108180272588,0.034355914079913175,-0.0042210209999999915,-0.012,0.0154,-0.0005,-0.0285,-0.0086
2013-07-31,0.010981866113637813,0.010483275332464827,0.007936153276117923,0.0018521004565589898,0.010478414468510059,-0.20225389547096756,0.002802948999999999,0.0565,0.0175,0.0058,-0.0173,0.020399999999999998
2013-08-31,-0.005831668555884347,-0.005903812363627827,-0.0045809447520228095,0.0005037133017942999,0.0024015002963230438,0.26468404982164956,-0.004012648999999979,-0.0271,-0.0003,-0.0273,-0.0079,0.0005000000000000004
2013-09-30,0.007998597283846571,0.007498331329838779,-0.0006247141156270569,0.0015388960636452053,0.0025089195235023756,-0.024103459253101443,-0.01009723600000001,0.0377,0.0265,-0.0118,0.0061,-0.0047
2013-10-31,0.016786980205539963,0.01753550716766608,0.016892951794461573,4.011984689227739e-05,0.00844922582199975,-0.17168676602267482,0.004188103000000054,0.0417,-0.015,0.012199999999999999,0.0128,0.0083
2013-11-30,-0.0004506827389097725,-0.0007019784402419135,-0.0061261984808820644,-0.0005100256430330721,0.01070936807515617,-0.00363637750799277,0.0009770799999999635,0.031200000000000002,0.0144,0.0019,-0.0236,0.015
2013-12-31,0.002027528063532275,0.002965851589484698,0.010429928391493863,-0.00024137116549514384,0.007455153875629259,0.0014598874483323766,0.004922011999999976,0.027999999999999997,-0.0044,0.0,-0.0207,0.0209
2014-01-31,0.014623986762298981,0.013681375619150466,0.01611319915877047,0.005235250705344695,-0.009738182360256106,0.34183669745649103,0.009309533000000036,-0.033,0.006,-0.0199,0.0548,-0.021700000000000004
2014-02-28,0.01176773197344559,0.012520323551663968,0.01529170167950563,0.00209164578717538,0.012100506565278859,-0.2395437199328395,-0.0009312149999999297,0.046799999999999994,0.0013,-0.0034999999999999996,0.0074,0.009399999999999999
2014-03-31,0.0028426730208556475,0.0015117312750246327,0.005275471316843359,0.0014302233902996294,0.0006189077411267297,-0.00857142039707843,-0.008676838000000076,0.0040999999999999995,-0.0113,0.049,0.0063,-0.00010000000000000026
2014-04-30,0.010334077286402503,0.010406072820534426,0.01275805073587513,0.0018583619897661677,-0.0018376347692417156,-0.03386169042893653,-0.009842208000000019,-0.0019,-0.0407,0.012199999999999999,0.0181,-0.002100000000000001
2014-05-31,0.013097999562246995,0.013536742461051705,0.01800827533728376,0.008235438687626388,0.0005003396310512959,-0.14988816195025506,-0.0017333779999999521,0.0204,-0.018600000000000002,-0.001,0.0279,-0.0091
2014-06-30,0.0037003586097722656,0.004020341045640976,0.008825255155741332,0.006254576670772324,0.01846285528278463,0.014912287893200449,0.004262205999999935,0.026099999999999998,0.030600000000000002,-0.0070999999999999995,-0.0025,0.0045000000000000005
2014-07-31,-0.0022139501912773734,-0.0037709948492887116,-0.0018367943129096087,0.00045370199645258487,-0.01635253775023997,0.46499578306143136,0.012582291000000079,-0.0203,-0.042,-0.0008,0.0057,-0.0033000000000000004
2014-08-31,0.013036828927930254,0.014296067640059317,0.012997074174833766,0.0002848461056263236,-0.00562947551060578,-0.28672568681989663,0.013657956999999943,0.0424,0.0029,-0.005699999999999999,0.0369,-0.0013000000000000025
2014-09-30,-0.014075196865134287,-0.015320127800055853,-0.02138514493152794,-0.006333800794491377,-0.013195717505021073,0.34904873946186,0.009660760000000046,-0.0196,-0.0366,-0.0147,-0.017,-0.010099999999999998
2014-10-31,0.009319569415956675,0.009481689362716981,0.0013905242038515344,-0.0064140308562469755,-0.0073777125172026356,-0.13979152713843834,0.018699996000000052,0.025099999999999997,0.0366,-0.0163,0.03,-0.0075
2014-11-30,0.0008972571236417248,0.0023941027529640773,-2.8455942446149046e-06,0.0008503568606955391,-0.01498721107390669,-0.04989307359857344,0.023741152999999904,0.0256,-0.023,-0.0313,0.0286,-0.011300000000000001
2014-12-31,-0.0031216266710486925,-0.0016143622956850444,-0.0023459883858649687,-0.0041476918980197595,-0.029018597088026565,0.44036015550113966,0.025814082999999988,-0.0005,0.028300000000000002,0.0212,0.029,-0.010700000000000001
2015-01-31,0.02247595306428238,0.02512759869955691,0.036269194506335735,0.014681401918635697,-0.017119960344905115,0.09218742083758205,0.02404412900000008,-0.030899999999999997,-0.009300000000000001,-0.0345,0.0709,-0.011000000000000003
2015-02-28,5.640829916663167e-05,-0.0015141163129265736,0.00039418021061535073,-0.006875969115056074,0.043193214684769825,-0.3638530954031803,0.0176908979999999,0.061399999999999996,0.0036,-0.0179,-0.0523,0.0203
2015-03-31,0.001388932334111227,0.0010748451330394818,-0.007104966954404907,0.0035029027525666306,-0.007525765993735352,0.14617689557423355,-0.0017103549999999412,-0.0109,0.0308,-0.0038,0.0137,-0.0079
2015-04-30,-0.0008379460050266701,-0.0035074095034674244,-0.010369762598998486,-0.0014576943177326484,0.022191872475828916,-0.048397630671309644,-0.01691742500000004,0.006,-0.0301,0.018000000000000002,-0.025,0.002700000000000001
2015-05-31,-0.005251154352000882,-0.004986559907110647,-0.01436254806626108,0.001676163790940265,0.010505980243865027,-0.048797252841213876,-0.01242865999999998,0.0138,0.008199999999999999,-0.0111,-0.0159,-0.0045000000000000005
2015-06-30,-0.015955103684149687,-0.016157694993727448,-0.030128156934740392,-0.004447990762721282,-0.008015756119928105,0.31719648419422386,-0.016722844000000014,-0.0154,0.028999999999999998,-0.008199999999999999,-0.0298,-0.0022000000000000006
2015-07-31,0.0012292430725443686,0.002481379101496411,-0.0065302706688021425,-0.0018350462665430926,-0.022548424901921424,-0.33516181075711,-0.007870952999999958,0.015700000000000002,-0.0458,-0.0416,0.0329,-0.008999999999999998
2015-08-31,-0.008402589033785535,-0.006862109253852515,-0.02299646145518202,-0.0018137394046801318,-0.013708235270306277,1.3457096182855546,-0.004698175000000027,-0.0602,0.0029,0.0275,0.0012,-0.0079
2015-09-30,-0.00245640738356421,-0.0021757161816056345,-0.020112280942894575,0.004535286410951019,-0.046012946340448266,-0.13823426883538675,0.002365653000000023,-0.030600000000000002,-0.027999999999999997,0.0055000000000000005,0.0174,-0.0040999999999999995
2015-10-31,0.01049596786931161,0.011334859459961604,0.012642565153416642,-0.0038753493912688465,0.025913881678240096,-0.3848979716398286,-0.0016246070000000001,0.0775,-0.0206,-0.004699999999999999,-0.0053,0.0073
2015-11-30,-0.009039858479858639,-0.007367544776372001,-0.019311572711208064,-0.0042136437597872075,-0.0315211385791634,0.07033838668931468,0.009099379000000019,0.005699999999999999,0.033,-0.0043,-0.0065,0.0085
2015-12-31,-0.014329950345756381,-0.012714500736399754,-0.03441855350794852,-0.0002988401028077952,-0.033961538487918976,0.12895226484359262,0.021145901999999994,-0.0215,-0.029500000000000002,-0.025699999999999997,-0.0023,0.0022
2016-01-31,-0.006688645109195099,-0.005859232219290177,-0.03415010500619595,-0.015234277329364856,-0.022777071016426897,0.10928071271368898,-0.006175244000000024,-0.0574,-0.0344,0.0208,0.0475,-0.040900000000000006
2016-02-29,0.008421489936591189,0.011201144095035429,0.018001055514759258,0.004400994109547009,-0.004844371349565061,0.01732665648028766,-0.006807139999999934,-0.0007000000000000001,0.0087,-0.0060999999999999995,0.0292,-0.006200000000000001
2016-03-31,0.04052309094322883,0.039255678943390424,0.07828532886307986,0.019837953839641702,0.047628436686237945,-0.32116786729085417,-0.007885973000000046,0.0695,0.01,0.012199999999999999,-0.0005,0.0426
2016-04-30,0.025427789311671545,0.02314805616224211,0.048107505747348414,0.005539206173078749,0.04353859931842307,0.12544803038905503,-0.022893645000000018,0.0091,0.0123,0.0322,-0.0054,0.0199
2016-05-31,0.003908582356413564,0.002212806670749715,0.00937521755724366,0.00408436006960115,0.01749425126871056,-0.09617835969594704,-0.01550323599999992,0.0178,-0.0062,-0.016200000000000003,0.008100000000000001,-0.006600000000000001
2016-06-30,0.024500816052413874,0.023736629372164357,0.0374473033321748,0.010341002328626026,-0.008316677223160538,0.10147995607049227,-0.006461857000000126,-0.0003,0.0042,-0.0149,0.0588,-0.0213
2016-07-31,0.014795651632047215,0.01417386270308005,0.018006412110449888,0.004590867838165338,0.016770076804435784,-0.2405630327160303,-0.0024610039999999334,0.0394,0.024700000000000003,-0.0124,0.007899999999999999,0.0164
2016-08-31,0.010667017674273785,0.009385852792651809,0.0263315460605309,0.011565071186509939,0.025014632631298064,0.13058131471597678,-0.004977103000000094,0.0049,0.0166,0.0317,-0.0142,0.015600000000000001
2016-09-30,0.002141903618196773,0.0012550181240942326,0.0003461696903313471,-0.0005755439994373523,0.017095769171897632,-0.009687042749764245,-0.003717402999999897,0.0027,0.0181,-0.011899999999999999,-0.0126,0.0004999999999999987
2016-10-31,-0.005256759488863416,-0.007593900092779568,-0.006942475489068045,0.003944063362626335,0.024588209080970456,0.2836718972844719,0.005010831999999965,-0.020099999999999996,-0.04019999999999999,0.041100000000000005,-0.031599999999999996,0.005099999999999997
2016-11-30,-0.021505793050883293,-0.022291314132813028,-0.023380862150372203,-0.006230179175191876,0.030128030534914474,-0.21864007379851658,0.011387766000000021,0.048499999999999995,0.0696,0.08289999999999999,-0.060000000000000005,0.008900000000000005
2016-12-31,0.008109976627787311,0.007924726875442996,0.01715361153014032,0.005935694852770551,0.016481496165460456,0.05326331899554134,0.005112031999999989,0.0181,0.0044,0.0347,-0.006,0.0116
2017-01-31,0.006255594371446205,0.004398759621312851,0.00258809117443643,0.005341409490934669,0.014739053463740364,-0.14601140999321213,-0.004840242999999966,0.0194,-0.0144,-0.0276,0.0039,-0.0063999999999999994
2017-02-28,0.010599347178817428,0.011524993072483877,0.013265138154156595,0.0007563202515591745,-0.004371239920090231,0.07756466413084566,-0.005874686000000073,0.0355,-0.023,-0.015,0.013300000000000001,0.0075
2017-03-31,-0.0027175434032036976,-0.002625041737718701,-0.006413124476703852,0.003434679734476695,0.0032554734020677164,-0.04256967395410176,-0.003225779999999956,0.0017000000000000001,0.0075,-0.0333,-0.0043,-0.0021999999999999997
2017-04-30,0.010476383827898325,0.01036382187113114,0.009298922695948321,-0.0004974568320146617,0.0011688245576574239,-0.12530316936739747,0.00039773399999998293,0.0108,0.0040999999999999995,-0.020499999999999997,0.014,0.0031000000000000003
2017-05-31,0.00894854873202679,0.01007829641644016,0.012323916582529916,0.003205718251758206,-0.003830386965274925,-0.03789277809390551,-0.0006947939999999431,0.010700000000000001,-0.029900000000000003,-0.0382,0.015200000000000002,0.006799999999999997
2017-06-30,0.0034521761916784664,0.003872951152880492,0.008054254590666993,0.002785088272201477,-0.007939349157217626,0.07396738415468089,-0.006187123000000128,0.0078000000000000005,0.0252,0.015,-0.0015999999999999999,0.011800000000000001
2017-07-31,0.005889336903828844,0.005628433907104725,0.0006695264123007733,0.0010580275186646499,0.00528553864014401,-0.08228980779795533,-0.0002355719999999062,0.018799999999999997,-0.016399999999999998,-0.0023,-0.0034000000000000002,0.0087
2017-08-31,0.004176228363999078,0.0040962709620530205,0.002618855395694417,1.2348910785177445e-05,-0.01125198792743632,0.0321637345364916,0.006541253999999941,0.0018,-0.0183,-0.0213,0.027999999999999997,-0.0136
2017-09-30,-0.00025695991225831,0.00046129529030405946,0.004770075992985817,0.00243558972479152,0.011676116002809036,-0.10198299415908302,0.006867728000000017,0.024900000000000002,0.047599999999999996,0.0315,-0.021400000000000002,0.016800000000000002
2017-10-31,0.0025997691074689387,0.001927632668954645,0.004883561358960559,0.004473078956494219,0.0019718722187723556,0.07045216195254898,0.0006658299999999784,0.0225,-0.0191,0.0013,-0.0021999999999999997,0.0089
2017-11-30,-0.0009656918161759351,-0.0016641539485125628,0.003845503662362833,0.003009651703538548,-0.000651934146212528,0.10805495037521039,-0.009960285000000013,0.031200000000000002,-0.0038,-0.0009,0.0028,-0.0015999999999999999
2017-12-31,0.0051613818072344655,0.006411017498776795,0.015842266583596942,-0.0005377698733113267,-0.005436682226565379,-0.021276575957416347,-0.0005378899999999298,0.0106,-0.0105,0.0005,0.009300000000000001,0.0154
2018-01-31,-0.0052063032795903255,-0.006877221550319487,0.0037686086433028967,0.0029689407560025884,0.02201680318968502,0.22644927614477903,0.006420961000000003,0.0558,-0.0321,-0.0132,-0.0326,0.0072000000000000015
2018-02-28,-0.015277387392704428,-0.016984797325809962,-0.025727552710957436,-0.010508135742840376,0.008295911779429765,0.46602662019159663,0.004111574999999923,-0.0364,0.0034000000000000002,-0.011000000000000001,-0.0235,-0.008900000000000002
2018-03-31,2.7848277011494548e-05,0.0007930684409575167,0.0028054138019362675,0.0006439614817542168,-0.010524290723957365,0.0060452861248717436,-0.00672652099999993,-0.0235,0.0361,-0.0021,0.0247,-0.0135
2018-04-30,-0.006095706954507516,-0.007555674040217905,-0.011161198002354097,-0.00037943760171071103,0.018314524023062058,-0.2023034124731811,0.00309992300000006,0.0029,0.0089,0.0053,-0.0191,-0.0023
2018-05-31,0.004210985658020406,0.004110086440290173,0.0037037063765451043,0.0002461662171944349,-0.005374854788808204,-0.03138731892161643,0.003998009999999996,0.0263,0.0471,-0.031400000000000004,0.015000000000000001,-0.002400000000000001
2018-06-30,-0.004293440948968489,-0.004746144338115247,-0.007227057736112166,-0.0032093111510349505,0.005982085473637189,0.04277380650411989,-0.01158206000000006,0.0049,0.0077,-0.0233,-0.0007,-0.013099999999999999
2018-07-31,0.005687893352299316,0.007299920288677025,0.012236087927780685,0.0012564321165771729,0.0035811261354697236,-0.2026103292707219,-0.00904475199999999,0.032,-0.019299999999999998,0.0049,-0.014700000000000001,0.0232
2018-08-31,0.004549735324307305,0.0035260412925301804,-0.0038590173441892654,0.0011372628695383068,0.0019592696626528536,0.002338248881488027,-0.004825351000000033,0.0346,0.006500000000000001,-0.0391,0.0136,-0.0094
2018-09-30,-0.004188728387295913,-0.0034980275801326467,-0.0014702676351773295,-0.0006914479613397269,0.010085724904578174,-0.05754275201196259,0.0014123490000000904,0.0006,-0.024900000000000002,-0.016200000000000003,-0.0533,0.0398
2018-10-31,-0.01531441051623089,-0.016992437231392567,-0.03427537993683974,-0.004331996524920282,-0.0006174550293769066,0.7516501437868586,0.010783040999999938,-0.0764,-0.0438,0.0338,-0.0223,-0.0119
2018-11-30,-0.005227149415259849,-0.005063948229978068,-0.011771376168470703,-0.0015828572558646197,-0.010942178152059076,-0.1488459687022319,0.01873010499999994,0.0171,-0.008100000000000001,0.0036,0.0487,-0.0434
2018-12-31,0.00391738608066813,0.006090654688739444,0.0011711047278227076,-0.0007570309999759936,-0.04103097580416203,0.40675154983953665,0.020928212000000057,-0.0955,-0.0281,-0.0192,0.0462,-0.011099999999999999
2019-01-31,0.023647486261051967,0.026702128162241753,0.03447395502025647,-0.0021777902699907465,0.021388240823299084,-0.3481510761175411,0.0022502020000000345,0.0836,0.0291,-0.0039000000000000003,0.005900000000000001,0.0197
2019-02-28,0.004182694535683273,0.0025322921295674343,-0.0016556462688621324,0.003264357797439594,0.014238940035814305,-0.10802655370066942,-0.005572629999999967,0.0342,0.0172,-0.026600000000000002,-0.0109,0.0017000000000000001
2019-03-31,0.01996421070241934,0.020833480122521834,0.027274773137423772,0.00814188280228504,-0.01589503335428139,-0.07239510921216363,-0.002569907000000038,0.011000000000000001,-0.0352,-0.0414,0.0428,0.0038000000000000048
2019-04-30,0.00499098709793421,0.004229403370854577,0.006969084010470755,0.001154187895298338,0.01432364432736331,-0.043034292556256175,0.01118861399999993,0.0397,-0.0115,0.0213,-0.0147,0.0037
2019-05-31,0.0069927477600844785,0.007690060864599958,0.006679944777808002,0.0018722753966999447,-0.023931901519706294,0.42606701582874196,-0.000520397999999922,-0.0692,-0.015600000000000001,-0.0245,0.0509,-0.015399999999999997
2019-06-30,0.02202613812674963,0.02442469887383716,0.03163968450119956,0.011529507720031312,-0.0040335184334401135,-0.1940138609509131,0.0024696739999999773,0.0692,0.0037,-0.0064,0.0086,0.0233
2019-07-31,0.003989867722732732,0.0034531859109203575,0.00552970385291679,0.0023930747859690713,0.0001898951360921851,0.06896557830165477,0.006851085999999951,0.012199999999999999,-0.0182,0.005,0.0004999999999999998,0.006
2019-08-31,0.02344879365643567,0.024872992976318516,0.03319414131072984,0.02002083533757031,-0.034512277144006766,0.17741926514309725,0.013812233999999979,-0.0255,-0.0325,-0.04769999999999999,0.07809999999999999,-0.005899999999999989
2019-09-30,-0.006954237585743487,-0.007103348231122746,-0.011558459945546384,-0.00586693684604637,0.008901891697862596,-0.14436247825089596,0.016292485000000023,0.014199999999999999,0.0029,0.0676,-0.020999999999999998,0.0001999999999999988
2019-10-31,0.0016839533781654898,0.00222055750342565,-0.004723437353642225,-0.00371023669702395,-0.004844737280675204,-0.1859605632175115,0.02885425900000005,0.0207,0.0025,-0.0192,-0.006699999999999999,0.0058
2019-11-30,0.0043411877859099845,0.004272242535163657,0.011827163714210645,-0.003121197997998103,0.0031386660237589445,-0.045385807061299986,0.03803167399999996,0.0387,0.0039000000000000003,-0.02,-0.0070999999999999995,0.0073
2019-12-31,0.006243520453310689,0.00591002789503258,0.011745643409185998,0.0022778321215596127,0.021938560281204035,0.09191757986776793,0.050497813,0.0276,0.009899999999999999,0.0173,-0.026699999999999998,0.016399999999999998
2020-01-31,0.01682305733514361,0.0167961070846808,0.018715747816357993,0.01927155891704588,-0.017582362105694933,0.36719887646367017,0.07848456999999998,-0.0009,-0.0437,-0.0622,0.061900000000000004,-0.011300000000000004
2020-02-29,0.0036146546327038434,0.0045016557745833925,-0.0056587810544327715,-0.007996614464821724,-0.03396052948732452,1.1289809068734011,0.11196656800000016,-0.0815,0.0008,-0.0382,0.0576,-0.030799999999999998
2020-03-31,-0.08792991868410946,-0.07513451560869676,-0.07855262279422562,0.004479460908261309,-0.10679448339110831,0.3348292221593654,0.1974043539999999,-0.1335,-0.0818,-0.1383,0.0613,-0.09759999999999999
2020-04-30,0.06078207111038604,0.05755810086243528,0.047389929458655056,0.02190435773772122,0.027868664611570646,-0.3621591157654434,0.04677948799999987,0.1358,0.025699999999999997,-0.0134,0.0082,0.026500000000000003
2020-05-31,0.02445323511936155,0.022365922089523625,0.0132177610102685,0.008556327306822023,0.04857842307233207,-0.1944363396869923,0.025545598000000114,0.0559,0.0192,-0.05,-0.0098,0.018099999999999998
2020-06-30,0.02422364115483809,0.021619228965061354,0.022659719345097043,0.0077058335704263264,0.010488811469555213,0.10614322253724982,-0.048497137000000023,0.024399999999999998,0.0195,-0.0217,0.0022,0.0123
2020-07-31,0.033945622374430835,0.033330762952781756,0.049291753554548456,0.004178413404716587,0.008455628297616915,-0.19618801054325558,-0.07817122799999998,0.0583,-0.0319,-0.0144,0.0286,0.032299999999999995
2020-08-31,-0.0058257833281005885,-0.009069674469661974,-0.021245543112623257,0.0019121440505991813,0.04189263312053488,0.07972202926930066,-0.07630088899999987,0.0762,-0.0089,-0.0302,-0.035,-0.013900000000000003
2020-09-30,-0.003692512007596486,-0.003982118360494511,-0.005064277336054659,0.0007191280221638173,-0.01183815477976839,-0.001514540265422219,-0.07993256400000015,-0.0364,-0.0001,-0.027200000000000002,0.0079,-0.0039
2020-10-31,-0.00019457727520705862,-0.0004077587529830859,-0.001604504415398525,-0.00305331498575103,0.007303523496944424,0.4417898842535261,-0.05714379999999997,-0.0208,0.0467,0.0425,-0.0239,0.004800000000000002
2020-11-30,0.032095784681624856,0.031216749483959225,0.06353226745478921,0.010016138463335857,0.026881655602978956,-0.4589689782440864,-0.029768126000000006,0.1244,0.0712,0.0209,0.0092,0.0416
2020-12-31,0.009873568058958794,0.007394438698006234,0.00945165383503841,0.005746418545710609,0.02490440788153325,0.10597959832368535,-0.010681647999999933,0.0463,0.0493,-0.0168,-0.0116,0.0115
2021-01-31,-0.004402282515766772,-0.008060263433917686,-0.01008523482220952,-0.0008531831329972005,0.0343407762809667,0.45450550121265487,0.004150415999999879,-0.0007000000000000001,0.0681,0.0322,-0.0304,-0.0026999999999999975
2021-02-28,-0.015390355376592989,-0.01757494196022279,-0.02500896014097155,0.005643448551367867,0.027863415579530676,-0.15533391858405327,0.030550222000000016,0.0281,0.045,0.07200000000000001,-0.0581,0.0179
2021-03-31,-0.010111788128400728,-0.010287287114299461,-0.012654420301308979,-0.006091201567688282,0.00919349731615368,-0.3059034315214093,-0.0018078609999998552,0.0316,-0.0084,0.0735,-0.0322,-0.0008000000000000021
2021-04-30,0.012018462985921926,0.010900096348446518,0.015055262297713487,0.0018517063917662135,0.0027973686161843203,-0.040721599160451184,-0.04264821600000013,0.049699999999999994,-0.0316,-0.0102,0.0238,-0.0016000000000000007
2021-05-31,0.006211671265683544,0.006419725052800009,0.0059828343953516406,0.0015548514396760338,-0.0003215755082391928,-0.09940893717331527,-0.023431169999999946,0.0029,0.0127,0.0704,0.0001,0.004399999999999999
2021-06-30,0.016212204940791355,0.017417881832853588,0.0395177637831291,-0.00262982320777642,-0.0031756423266453802,-0.0554892775939865,-0.01745666800000001,0.0273,-0.003,-0.0786,0.0284,0.0158
2021-07-31,0.012310758478193374,0.012162962120999722,0.016494255571346227,0.0015492478005849361,-0.006762623855653175,0.1522425684792974,-0.015061713000000032,0.0134,-0.0455,-0.0179,0.0305,-0.006599999999999998
2021-08-31,-0.0017713516032581687,-0.0020018742875357403,-0.0029096093207284174,-0.0018941988100587633,0.0065493876582593865,-0.09649124182933035,-0.01067262400000002,0.029500000000000002,-0.0066,-0.0023,-0.0035,-0.0009999999999999996
2021-09-30,-0.008695601093347742,-0.009674707839514662,-0.014243894619220989,0.0016206645822712134,0.010052253595133806,0.4041262155586411,0.007594152000000021,-0.044000000000000004,0.011200000000000002,0.0512,-0.025,0.005600000000000001
2021-10-31,0.002281218121188771,0.0022033534174576187,0.021158969042951736,0.0015403113494217792,-0.0025860499357501085,-0.29732062844583923,-0.012566754000000069,0.0663,-0.027000000000000003,-0.0053,0.0051,0.0108
2021-11-30,-0.0013409129335465431,-0.0011347686166603942,0.002527810938066451,-0.00030735677236481165,-0.007127750102754562,0.6722017313235584,-0.007372604999999921,-0.0158,-0.017,-0.0037,0.020900000000000002,-0.011600000000000001
2021-12-31,0.0008994756691628933,0.0010108465247100093,-0.005184996552905812,-0.005074374337274515,0.010702989407730247,-0.3666789637688641,0.012388057000000008,0.032400000000000005,-0.0078000000000000005,0.0326,-0.011,-0.0019000000000000006
2022-01-31,-0.029007497444521347,-0.03174349005846133,-0.03961024317198181,-0.01507876607776561,0.0029919216150228163,0.44192804377465184,0.02640622799999992,-0.061500000000000006,-0.0401,0.1286,-0.0189,-0.0148
2022-02-28,-0.02040958460480381,-0.01994225020654109,-0.029833965284704875,-0.014284419211640273,0.004972233765177563,0.2142569356089689,0.004403091999999997,-0.022799999999999997,0.0286,0.030600000000000002,-0.0066,-0.0134
2022-03-31,-0.02254576431126882,-0.021583277058663017,-0.004203310506784375,0.00048083646404811504,0.002571698891700556,-0.3180762943258497,0.006583243000000016,0.0308,-0.021099999999999997,-0.019,-0.0312,0.005899999999999999
2022-04-30,-0.04906674438318213,-0.05354941211219415,-0.08083122466796949,-0.009277706122875182,0.015064565117961837,0.6245137350906034,0.008512485000000014,-0.0941,-0.0034999999999999996,0.061799999999999994,-0.0311,-0.0237
2022-05-31,0.00664795094982062,0.00930559085679107,0.0005273049769060829,0.0012291501790252257,-0.0018964612075762846,-0.2158682833063604,0.0018486420000000114,-0.0033,-0.0003,0.08439999999999999,0.0015,0.0075
2022-06-30,-0.031704754464179294,-0.032400998679839636,-0.0354080046083833,0.010244579264499638,-0.019441490387585986,0.09621987396060101,0.011226940000000019,-0.084,0.013300000000000001,-0.06,-0.0094,-0.019200000000000002
2022-07-31,0.03600802299241143,0.03837118012823979,0.04224169141712035,0.005754332598622092,-0.00022547921320192075,-0.2570532705017724,0.012817564000000004,0.09570000000000001,0.0178,-0.0415,0.0151,0.016499999999999997
2022-08-31,-0.027650711013184934,-0.030964165169914692,-0.030104093378274365,-0.002351370085673549,0.015483185702393905,0.21284580083291765,-0.0381220699999999,-0.0377,0.0149,0.0018,-0.026699999999999998,-0.0045000000000000005
2022-09-30,-0.05380178059698735,-0.05551840410968156,-0.06668229587038757,-0.03832028526199242,0.010541784086967838,0.22226516480354272,-0.019953752000000047,-0.0934,-0.0097,0.0003,-0.0364,-0.018099999999999998
2022-10-31,-0.012665061230588158,-0.0113696848309821,-0.0172593944668939,-0.01969866806091397,0.022782053735409848,-0.18153072505123813,-0.014507461,0.0786,0.0181,0.0797,-0.0162,0.003599999999999999
2022-11-30,0.042612749157038395,0.044963910202932326,0.06968384192274629,0.009282077950031432,-0.014534774371490734,-0.20479132182875648,0.00023785699999989696,0.046900000000000004,-0.0275,0.0148,0.0239,0.024999999999999998
2022-12-31,-0.0037837316122672823,-0.005249433237745885,-0.012378764003582263,-0.0001915360494371116,-0.0001995319007567747,0.05296405037068184,0.004227563000000156,-0.0638,-0.0019,0.0134,-0.0085,0.0007999999999999995
2023-01-31,0.03422005532807074,0.03494368747662066,0.05298763828058892,-0.0045185961238199,-0.0015951410625140413,-0.10475313566089413,-0.0059239090000000605,0.0659,0.043899999999999995,-0.0394,0.0216,0.014999999999999996
2023-02-28,-0.0333311438588631,-0.03638516201502858,-0.04231568171107728,-0.012014633706670884,0.017157985958296523,0.06701036958616632,-0.03156597700000008,-0.025699999999999997,0.0058,-0.008,-0.0268,-0.008400000000000001
2023-03-31,0.022229228138635496,0.026563551603140487,0.024960300135661157,0.0007847670984051469,-0.020167473184029852,-0.09661835392686191,-0.015878320999999973,0.024900000000000002,-0.0689,-0.09050000000000001,0.0253,-0.0011000000000000003
2023-04-30,0.005600406287288394,0.004679331540831672,0.002232238888263888,0.0014695248206612432,-0.0016990163326196656,-0.15614978132809973,-0.01774099600000001,0.0063,-0.025699999999999997,-0.0012,0.0019000000000000002,0.0023
2023-05-31,-0.02032553180361628,-0.020547908293065426,-0.026319739275052198,-0.015744875687495993,0.006515007489241142,0.13688218235981534,-0.01576175499999999,0.0033,-0.0043,-0.0779,-0.015199999999999998,-0.0029000000000000015
2023-06-30,0.0015828774331756437,0.0022310688227950397,0.02373177277344799,0.00474414775515162,0.011670878915826428,-0.24247493043334006,-0.012796333000000049,0.0646,0.0128,-0.0013,-0.0115,0.0116
2023-07-31,0.0008150193995295294,-0.00024827874392748406,-0.003763937905545337,-0.005982236896065192,0.0100996332339188,0.0029433378516471476,-0.014221663999999912,0.0321,0.0286,0.0406,-0.008,0.0069
2023-08-31,-0.011680052462675039,-0.012537281222490227,-0.02076361660429897,0.000708352708834346,0.007383703432795206,-0.004402085041300381,-0.0018471620000000133,-0.0236,-0.0365,-0.0115,-0.0097,-0.0026
2023-09-30,-0.029768278679907376,-0.03158239820881122,-0.05073841173019602,0.015374681077708447,0.01012943659431396,0.2910833346920477,-0.008777573000000038,-0.052300000000000006,-0.0178,0.0149,-0.0264,-0.0046
2023-10-31,-0.02368278031330781,-0.024701143678902266,-0.04492430219049719,-0.027518176653160673,0.005323099419336734,0.03538806596377453,0.005774904000000025,-0.0315,-0.0403,0.002,-0.0168,-0.006600000000000002
2023-11-30,0.05512160478113877,0.059211002974267,0.09369407587109148,0.06705131845635882,-0.003158602604639982,-0.28776182408987816,-0.0004938009999999604,0.0888,-0.0021,0.0167,0.0303,0.025099999999999997
2023-12-31,0.04151406447693713,0.04110552683993567,0.06259558741327677,0.027434031343900864,-0.0028306355140778968,-0.03637772943137778,-0.004889161000000031,0.048600000000000004,0.0726,0.0489,0.029400000000000003,0.0097
2024-01-31,-0.0070296030621448714,-0.007970431679966132,-0.014508857340872067,0.004344349195157371,0.0076459763899750545,0.1526104900652809,0.004890221000000028,0.0073,-0.0571,-0.023799999999999998,-0.0075,0.0011
2024-02-29,-0.01844732899997214,-0.020227135209707744,-0.023448384897884953,0.005368441546728657,0.010073100660415718,-0.06620214199897481,-0.014672589999999985,0.0507,-0.008,-0.034300000000000004,-0.0173,-0.001899999999999999
2024-03-31,0.008975174510815899,0.009434614954604594,0.014098644000454916,0.009888578245619948,0.00155340558320924,-0.029104432891862608,-0.021022191999999995,0.028399999999999998,-0.011899999999999999,0.0416,0.0021000000000000003,0.0065
2024-04-30,-0.02981549748509686,-0.031636620061666905,-0.04570497033420883,0.011489455139886829,0.011991203361710872,0.20292077964670455,-0.009288273999999985,-0.04650000000000001,-0.0254,-0.0045000000000000005,-0.028,-0.0020999999999999977
2024-05-31,0.011677670759800517,0.012260555388422212,0.016332633821630964,0.014508913199383792,0.00028179927355224347,-0.17444086957062666,-0.0054134840000000795,0.0432,0.006,-0.0131,0.0102,0.004100000000000001
2024-06-30,0.006142860680740412,0.005745518065223679,0.0035054693549484957,-0.00101429558558032,-0.0035814676340113396,-0.03715174095016619,-0.009129237000000012,0.027999999999999997,-0.0433,-0.0336,0.005999999999999999,-0.0036999999999999993
2024-07-31,0.015801718069860863,0.01645203222152773,0.0179172701936487,-0.0009381998925327793,0.0029368102026381716,0.31511263361694725,0.00028065200000004786,0.012199999999999999,0.0834,0.0562,0.0174,0.0019000000000000024
2024-08-31,0.01622194071616039,0.01601148312023352,0.019061680079722046,0.0004115543243788717,-0.0030504795574444973,-0.08312961855827053,0.0008112049999999815,0.0161,-0.0355,-0.011000000000000001,0.008,0.002899999999999998
2024-09-30,0.012526054173410232,0.013294857844192754,0.020388616684938292,-0.0012610956873332386,0.003325082552068332,0.11533330281575355,0.0018144959999999433,0.0173,-0.0092,-0.0277,0.008,0.0057
2024-10-31,-0.028448969593085037,-0.03024513967881402,-0.03556262042591497,0.006332020241197176,0.016324987421799577,0.38433953861999304,0.008886150000000037,-0.01,-0.0088,0.0086,-0.027700000000000002,-0.000499999999999997
2024-11-30,0.008430163804642687,0.009181570010602165,0.016954072314133,0.010141131187519406,0.006617377168646063,-0.41666665294078536,0.004658294000000063,0.0649,0.046,0.0015,0.0037999999999999996,0.005600000000000001
2024-12-31,-0.02045202368248492,-0.022069201594318445,-0.04010300486823771,-0.02446156246790249,0.010711266451371418,0.28423390729325926,0.013080793999999951,-0.0315,-0.0383,-0.03,-0.0191,-0.004
